{
    "f1_score": 0.9047619047619048,
    "recall": 0.9047619047619048,
    "precision": 0.9047619047619048
}